{
    "age": 33,
    "region": {
        "x": 252,
        "y": 121,
        "w": 181,
        "h": 181
    },
    "gender": "Man",
    "race": {
        "asian": 3.0802285272019225,
        "indian": 1.7633394457900193,
        "black": 0.23058237485333533,
        "white": 67.39045187177967,
        "middle eastern": 15.32791348266086,
        "latino hispanic": 12.20748720809741
    },
    "dominant_race": "white",
    "emotion": {
        "angry": 5.977288261055946,
        "disgust": 0.0019808399883913808,
        "fear": 4.546468332409859,
        "happy": 0.6149429362267256,
        "sad": 2.5465108454227448,
        "surprise": 0.7611948531121016,
        "neutral": 85.55161356925964
    },
    "dominant_emotion": "neutral"
}