{
    "age": 31,
    "region": {
        "x": 247,
        "y": 129,
        "w": 509,
        "h": 509
    },
    "gender": "Man",
    "race": {
        "asian": 14.981579780578613,
        "indian": 10.30624583363533,
        "black": 2.8932426124811172,
        "white": 22.766347229480743,
        "middle eastern": 29.08467948436737,
        "latino hispanic": 19.967903196811676
    },
    "dominant_race": "middle eastern",
    "emotion": {
        "angry": 21.728870272636414,
        "disgust": 0.00522175214427989,
        "fear": 1.7777180299162865,
        "happy": 0.00023735076410957845,
        "sad": 41.27635359764099,
        "surprise": 8.488107710036275e-05,
        "neutral": 35.21151542663574
    },
    "dominant_emotion": "sad"
}